sentiment,avg_pnl,median_pnl,pnl_std,avg_trade_size,num_trades
Extreme Fear,34.53786207897196,0.0,1136.0560914312027,5349.7318429906545,21400
Extreme Greed,67.89286133909282,0.0,766.8282935916445,3112.2515645629123,39992
Fear,54.2903996254993,0.0,935.3554378356772,7816.109930785776,61837
Greed,42.74355948851957,0.0,1116.028389757626,5736.884375086974,50303
Neutral,34.30771839807886,0.0,517.1222197292019,4782.732661465797,37686
